1001,1,instagram,www.theathleticedge.intagram.com
1002,1,facebook,www.theathleticedge.facebook.com
1003,1,twitter,www.theathleticedge.twitter.com
1004,2,instagram,www.allstarsports5.instagram.com
1005,3,facebook,www.sportsfactory8.facebook.com
1006,5,instagram,www.velocitysports6.instagram.com
1007,5,facebook,www.velocitysports6.facebook.com
1008,6,instagram,www.eliteathletic9.instagram.com
1009,7,facebook,www.thesportsDen4.facebook.com
1010,8,instagram,www.trainingGrounds7.instagram.com
1011,8,facebook,www.trainingGrounds7.facebook.com
1012,9,instagram,www.championfitness78.instagram.com
